epoch,grad_norm,learning_rate,logits/chosen,logits/rejected,logps/chosen,logps/rejected,loss,rewards/accuracies,rewards/chosen,rewards/margins,rewards/rejected,step
0.08888888888888889,5.239732265472412,4.5e-06,1.1259158849716187,1.0042072534561157,-146.0676727294922,-60.95160675048828,0.6928,0.4000000059604645,0.002791576087474823,0.0009628962725400925,0.001828680164180696,10
0.17777777777777778,5.887790679931641,4.9907735280294465e-06,1.1132715940475464,1.0048882961273193,-141.31460571289062,-62.2851676940918,0.6805,0.699999988079071,0.026245862245559692,0.02584088407456875,0.0004049777053296566,20
0.26666666666666666,4.825637340545654,4.958966973992754e-06,1.1143840551376343,0.9878318905830383,-145.1593017578125,-61.76227951049805,0.6528,1.0,0.08573292940855026,0.08268725126981735,0.003045683028176427,30
0.35555555555555557,4.830249309539795,4.90475615900259e-06,1.070379376411438,0.9397305250167847,-135.07754516601562,-60.43208694458008,0.6251,0.9750000238418579,0.1507260799407959,0.14192846417427063,0.008797617629170418,40
0.4444444444444444,5.961187839508057,4.828635011305407e-06,1.0938942432403564,1.0225083827972412,-140.84422302246094,-61.28615188598633,0.5824,1.0,0.23908846080303192,0.23677906394004822,0.0023093989584594965,50
0.5333333333333333,4.652563571929932,4.731297089649704e-06,1.1164849996566772,1.0362050533294678,-133.50086975097656,-60.398597717285156,0.5297,1.0,0.35828107595443726,0.36191514134407043,-0.003634043037891388,60
0.6222222222222222,5.3342485427856445,4.613629264099416e-06,1.123818039894104,0.9501202702522278,-144.36309814453125,-60.8080940246582,0.4882,1.0,0.47054633498191833,0.4708983898162842,-0.00035204924643039703,70
0.7111111111111111,4.689289093017578,4.476703635539728e-06,1.1443159580230713,0.9659926295280457,-142.03616333007812,-60.65180206298828,0.429,1.0,0.631165087223053,0.6369091272354126,-0.005744085181504488,80
0.8,4.558387279510498,4.321767767498705e-06,1.1129958629608154,1.004908800125122,-137.2519073486328,-61.36235809326172,0.3979,1.0,0.7273375391960144,0.7352386713027954,-0.00790109671652317,90
0.8888888888888888,5.083480358123779,4.150233319285055e-06,1.1625217199325562,0.9992853403091431,-136.65847778320312,-63.3730354309082,0.3598,1.0,0.8630654215812683,0.8592419624328613,0.0038235285319387913,100
0.9777777777777777,3.967757225036621,3.963663184008338e-06,1.1548364162445068,0.9697551727294922,-135.0926055908203,-58.76716995239258,0.2999,1.0,1.0549348592758179,1.0788503885269165,-0.023915434256196022,110
1.0622222222222222,3.9908082485198975,3.763757248670321e-06,1.1360726356506348,1.011547327041626,-136.80624389648438,-59.58300018310547,0.277,1.0,1.1818686723709106,1.1743755340576172,0.007493189070373774,120
1.1511111111111112,4.078463554382324,3.552336906070838e-06,1.134476900100708,0.9493430256843567,-130.30801391601562,-60.53850555419922,0.2374,1.0,1.3751617670059204,1.3850129842758179,-0.009851197712123394,130
1.24,2.8077380657196045,3.33132845964404e-06,1.156322956085205,1.0361300706863403,-129.17686462402344,-63.25727081298828,0.2041,1.0,1.4733731746673584,1.524188756942749,-0.0508153922855854,140
1.3288888888888888,3.199693202972412,3.102745572427716e-06,1.1658743619918823,1.0342538356781006,-128.903076171875,-60.89860916137695,0.1973,1.0,1.5800302028656006,1.5791116952896118,0.0009184062364511192,150
1.4177777777777778,2.614417791366577,2.8686709200774782e-06,1.1751658916473389,1.0000063180923462,-120.35845947265625,-58.863258361816406,0.1614,1.0,1.764478325843811,1.8062645196914673,-0.04178614914417267,160
1.5066666666666668,2.7487339973449707,2.6312372150897985e-06,1.1661121845245361,1.0826789140701294,-128.30235290527344,-61.83436965942383,0.1496,1.0,1.8321876525878906,1.8942731618881226,-0.06208547204732895,170
1.5955555555555554,2.9427123069763184,2.392607775126913e-06,1.1531131267547607,1.0213539600372314,-120.73558044433594,-62.178680419921875,0.137,1.0,1.9833509922027588,2.0027968883514404,-0.019446030259132385,180
1.6844444444444444,2.5080313682556152,2.154956812490433e-06,1.1925630569458008,1.0072414875030518,-131.42257690429688,-63.229148864746094,0.1268,1.0,2.0597126483917236,2.084806442260742,-0.025093719363212585,190
1.7733333333333334,1.6620657444000244,1.920449624331179e-06,1.2109062671661377,1.0113544464111328,-123.3824234008789,-61.585296630859375,0.1326,1.0,2.0240588188171387,2.0890109539031982,-0.0649522915482521,200
1.8622222222222222,3.7440345287323,1.6912228640871825e-06,1.20229172706604,1.0764405727386475,-118.181396484375,-59.43023681640625,0.1026,1.0,2.244576930999756,2.3284518718719482,-0.08387483656406403,210
1.951111111111111,1.8671773672103882,1.4693650739016847e-06,1.2228580713272095,1.101401686668396,-124.61512756347656,-64.90251159667969,0.1213,1.0,2.118947744369507,2.1679458618164062,-0.04899812489748001,220
2.0355555555555553,1.9655135869979858,1.2568976553951407e-06,1.158831000328064,1.0087908506393433,-117.02191162109375,-60.4034538269043,0.0932,1.0,2.3583309650421143,2.410717725753784,-0.052386634051799774,230
2.1244444444444444,1.920730710029602,1.0557564521712594e-06,1.1897810697555542,1.0013720989227295,-122.12104797363281,-62.36944580078125,0.094,1.0,2.4264400005340576,2.4491353034973145,-0.022695457562804222,240
2.2133333333333334,1.9505140781402588,8.677741118634492e-07,1.1926709413528442,1.1101796627044678,-122.65724182128906,-64.0008316040039,0.083,1.0,2.486419677734375,2.5975186824798584,-0.11109886318445206,250
2.3022222222222224,1.092048168182373,6.94663388425483e-07,1.1970661878585815,1.02800714969635,-116.2369155883789,-66.0060806274414,0.0978,1.0,2.35695481300354,2.4460830688476562,-0.08912836015224457,260
2.391111111111111,1.1847928762435913,5.380015368033476e-07,1.2276560068130493,1.1081913709640503,-125.21578216552734,-63.15795135498047,0.0756,1.0,2.5452380180358887,2.6487157344818115,-0.10347791016101837,270
2.48,0.9751207828521729,3.9921594217232964e-07,1.2311270236968994,1.0378090143203735,-122.89054107666016,-59.5329475402832,0.0785,1.0,2.5186736583709717,2.6164767742156982,-0.09780310094356537,280
2.568888888888889,2.450817346572876,2.7957111467493165e-07,1.2274818420410156,1.0829991102218628,-119.66642761230469,-59.423011779785156,0.088,1.0,2.4616189002990723,2.5133261680603027,-0.05170758441090584,290
2.6577777777777776,1.316184639930725,1.8015716815381085e-07,1.196848750114441,1.0820050239562988,-113.77994537353516,-62.858238220214844,0.0907,1.0,2.4824187755584717,2.560255765914917,-0.07783683389425278,300
2.7466666666666666,1.8275554180145264,1.0187988785286485e-07,1.189911127090454,1.0704644918441772,-113.98677825927734,-61.246421813964844,0.0793,1.0,2.4794397354125977,2.6074509620666504,-0.1280112862586975,310
2.8355555555555556,2.6138932704925537,4.5452477582123564e-08,1.2102547883987427,1.040540337562561,-116.6132583618164,-59.83367919921875,0.0997,1.0,2.3305490016937256,2.3852529525756836,-0.05470389127731323,320
2.924444444444444,1.2205382585525513,1.1389061540083568e-08,1.2214224338531494,1.0402644872665405,-122.9943618774414,-62.15568161010742,0.0708,1.0,2.6007323265075684,2.722533702850342,-0.12180135399103165,330
