index,chosen_base,rejected_base,margin_base,preferred_base,chosen_prompted,rejected_prompted,margin_prompted,preferred_prompted,transition
0,0.6831158399581909,0.5650633573532104,0.11805248260498047,True,0.49181070923805237,0.5781519412994385,-0.08634123206138611,False,Base ✓ → Prompted ✗
1,0.7520869374275208,0.548356294631958,0.20373064279556274,True,0.8012256622314453,0.5302324295043945,0.2709932327270508,True,Base ✓ → Prompted ✓
2,0.7336121797561646,0.6022204756736755,0.131391704082489,True,0.6698406934738159,0.5701054930686951,0.09973520040512085,True,Base ✓ → Prompted ✓
3,0.8602849841117859,0.6833860278129578,0.17689895629882812,True,0.6246449947357178,0.696029782295227,-0.07138478755950928,False,Base ✓ → Prompted ✗
4,0.45250341296195984,0.2736694812774658,0.17883393168449402,True,0.6706000566482544,0.4596913456916809,0.2109087109565735,True,Base ✓ → Prompted ✓
5,0.6607006788253784,0.424381822347641,0.23631885647773743,True,0.6484266519546509,0.421286016702652,0.2271406352519989,True,Base ✓ → Prompted ✓
6,0.6599442958831787,0.5234482884407043,0.13649600744247437,True,0.6769943833351135,0.5289601683616638,0.1480342149734497,True,Base ✓ → Prompted ✓
7,0.6698776483535767,0.4230634272098541,0.24681422114372253,True,0.6439171433448792,0.2989034652709961,0.34501367807388306,True,Base ✓ → Prompted ✓
8,0.6395615339279175,0.5720381736755371,0.06752336025238037,True,0.7094915509223938,0.5387662649154663,0.1707252860069275,True,Base ✓ → Prompted ✓
9,0.8441222906112671,0.30207714438438416,0.5420451462268829,True,0.7153580188751221,0.28773194551467896,0.4276260733604431,True,Base ✓ → Prompted ✓
10,0.7831603288650513,0.37784379720687866,0.4053165316581726,True,0.6540970802307129,0.33791249990463257,0.3161845803260803,True,Base ✓ → Prompted ✓
11,0.6785573959350586,0.6382362842559814,0.04032111167907715,True,0.7426645755767822,0.6654313802719116,0.0772331953048706,True,Base ✓ → Prompted ✓
12,0.6603739857673645,0.4983353614807129,0.1620386242866516,True,0.6554616093635559,0.5744049549102783,0.08105665445327759,True,Base ✓ → Prompted ✓
13,0.8157106041908264,0.5987339019775391,0.21697670221328735,True,0.6220553517341614,0.4855199456214905,0.1365354061126709,True,Base ✓ → Prompted ✓
14,0.7573914527893066,0.541271448135376,0.21612000465393066,True,0.7114249467849731,0.4860459864139557,0.22537896037101746,True,Base ✓ → Prompted ✓
15,0.6395279169082642,0.6399943828582764,-0.00046646595001220703,False,0.6291307210922241,0.5423015356063843,0.08682918548583984,True,Base ✗ → Prompted ✓
16,0.47215577960014343,0.36632412672042847,0.10583165287971497,True,0.5498047471046448,0.4737536609172821,0.07605108618736267,True,Base ✓ → Prompted ✓
17,0.7500782012939453,0.6960572004318237,0.05402100086212158,True,0.7019579410552979,0.6164438724517822,0.08551406860351562,True,Base ✓ → Prompted ✓
18,0.7089970111846924,0.31419509649276733,0.39480191469192505,True,0.7334733009338379,0.30135345458984375,0.43211984634399414,True,Base ✓ → Prompted ✓
19,0.5796561241149902,0.2326016128063202,0.34705451130867004,True,0.6727802157402039,0.2857035994529724,0.38707661628723145,True,Base ✓ → Prompted ✓
20,0.5971893668174744,0.44178521633148193,0.15540415048599243,True,0.7265599966049194,0.5889015197753906,0.1376584768295288,True,Base ✓ → Prompted ✓
21,0.7103548049926758,0.6776199340820312,0.03273487091064453,True,0.5225075483322144,0.37266457080841064,0.1498429775238037,True,Base ✓ → Prompted ✓
22,0.5257453918457031,0.3755486011505127,0.15019679069519043,True,0.5755258798599243,0.3125193119049072,0.2630065679550171,True,Base ✓ → Prompted ✓
23,0.6226260662078857,0.48377177119255066,0.13885429501533508,True,0.6062898635864258,0.42416977882385254,0.18212008476257324,True,Base ✓ → Prompted ✓
24,0.41481253504753113,0.403829962015152,0.01098257303237915,True,0.8051810264587402,0.24117685854434967,0.5640041679143906,True,Base ✓ → Prompted ✓
25,0.42615336179733276,0.41162383556365967,0.014529526233673096,True,0.4964762330055237,0.36299699544906616,0.13347923755645752,True,Base ✓ → Prompted ✓
26,0.7235788106918335,0.5543027520179749,0.16927605867385864,True,0.7393425703048706,0.5655922889709473,0.17375028133392334,True,Base ✓ → Prompted ✓
27,0.5853376984596252,0.5309511423110962,0.05438655614852905,True,0.5756978392601013,0.45122092962265015,0.12447690963745117,True,Base ✓ → Prompted ✓
28,0.5140942931175232,0.4269466996192932,0.08714759349822998,True,0.5920833349227905,0.3911764323711395,0.200906902551651,True,Base ✓ → Prompted ✓
29,0.6385343074798584,0.5849119424819946,0.05362236499786377,True,0.6568119525909424,0.5743114948272705,0.08250045776367188,True,Base ✓ → Prompted ✓
30,0.7196274995803833,0.280284583568573,0.4393429160118103,True,0.768455445766449,0.3410578966140747,0.42739754915237427,True,Base ✓ → Prompted ✓
31,0.7990401387214661,0.6636247038841248,0.1354154348373413,True,0.6779745221138,0.648711621761322,0.029262900352478027,True,Base ✓ → Prompted ✓
32,0.6643048524856567,0.4988272488117218,0.16547760367393494,True,0.6387689709663391,0.5696192979812622,0.0691496729850769,True,Base ✓ → Prompted ✓
33,0.5941587090492249,0.4989967346191406,0.09516197443008423,True,0.514374315738678,0.3793637752532959,0.13501054048538208,True,Base ✓ → Prompted ✓
34,0.5984709858894348,0.719873309135437,-0.1214023232460022,False,0.6457641124725342,0.7532852292060852,-0.10752111673355103,False,Base ✗ → Prompted ✗
35,0.6672353744506836,0.21364322304725647,0.4535921514034271,True,0.701576828956604,0.2984023690223694,0.4031744599342346,True,Base ✓ → Prompted ✓
36,0.6364531517028809,0.6243835687637329,0.01206958293914795,True,0.7185549736022949,0.509264349937439,0.20929062366485596,True,Base ✓ → Prompted ✓
37,0.6663448810577393,0.23094365000724792,0.43540123105049133,True,0.6093551516532898,0.21447664499282837,0.3948785066604614,True,Base ✓ → Prompted ✓
38,0.567534327507019,0.2588021755218506,0.30873215198516846,True,0.6635030508041382,0.4731001555919647,0.19040289521217346,True,Base ✓ → Prompted ✓
39,0.6673463582992554,0.6564202904701233,0.01092606782913208,True,0.4246288239955902,0.627014696598053,-0.20238587260246277,False,Base ✓ → Prompted ✗
40,0.43302327394485474,0.2360878735780716,0.19693540036678314,True,0.5182738304138184,0.19223088026046753,0.32604295015335083,True,Base ✓ → Prompted ✓
41,0.6908259391784668,0.5289448499679565,0.16188108921051025,True,0.5104454755783081,0.46463146805763245,0.04581400752067566,True,Base ✓ → Prompted ✓
42,0.4981416165828705,0.6292089819908142,-0.13106736540794373,False,0.5901734232902527,0.484957754611969,0.10521566867828369,True,Base ✗ → Prompted ✓
43,0.6405328512191772,0.5922913551330566,0.048241496086120605,True,0.7534568309783936,0.5357890129089355,0.217667818069458,True,Base ✓ → Prompted ✓
44,0.3343774080276489,0.24907037615776062,0.0853070318698883,True,0.3893444538116455,0.2837669253349304,0.10557752847671509,True,Base ✓ → Prompted ✓
45,0.676239550113678,0.6093672513961792,0.06687229871749878,True,0.4866405129432678,0.49632588028907776,-0.009685367345809937,False,Base ✓ → Prompted ✗
46,0.6970123052597046,0.5381067991256714,0.1589055061340332,True,0.616019070148468,0.5643454790115356,0.05167359113693237,True,Base ✓ → Prompted ✓
47,0.5038853883743286,0.3965476453304291,0.10733774304389954,True,0.7741575241088867,0.5967110395431519,0.17744648456573486,True,Base ✓ → Prompted ✓
48,0.762294352054596,0.43795859813690186,0.3243357539176941,True,0.7199779748916626,0.4633561968803406,0.256621778011322,True,Base ✓ → Prompted ✓
49,0.639545202255249,0.6413906812667847,-0.0018454790115356445,False,0.6401739120483398,0.5658978223800659,0.07427608966827393,True,Base ✗ → Prompted ✓
50,0.5805463790893555,0.7630138397216797,-0.18246746063232422,False,0.7222557067871094,0.6830911636352539,0.03916454315185547,True,Base ✗ → Prompted ✓
51,0.7823531031608582,0.49779677391052246,0.2845563292503357,True,0.7855391502380371,0.4827284812927246,0.3028106689453125,True,Base ✓ → Prompted ✓
52,0.5877233147621155,0.35323697328567505,0.23448634147644043,True,0.6668518781661987,0.3062560558319092,0.36059582233428955,True,Base ✓ → Prompted ✓
53,0.5651459097862244,0.4468664824962616,0.11827942728996277,True,0.6049763560295105,0.5162447690963745,0.08873158693313599,True,Base ✓ → Prompted ✓
54,0.6000797748565674,0.411718487739563,0.1883612871170044,True,0.6725381016731262,0.3996536135673523,0.2728844881057739,True,Base ✓ → Prompted ✓
55,0.7424663305282593,0.6702309846878052,0.0722353458404541,True,0.7948459386825562,0.38031676411628723,0.4145291745662689,True,Base ✓ → Prompted ✓
56,0.6524240970611572,0.48032844066619873,0.1720956563949585,True,0.5994781255722046,0.34057730436325073,0.25890082120895386,True,Base ✓ → Prompted ✓
57,0.680809497833252,0.5224173069000244,0.15839219093322754,True,0.5645366907119751,0.22483570873737335,0.33970098197460175,True,Base ✓ → Prompted ✓
58,0.5641283392906189,0.6932020783424377,-0.12907373905181885,False,0.5398792028427124,0.6155259609222412,-0.07564675807952881,False,Base ✗ → Prompted ✗
59,0.6318619847297668,0.14116980135440826,0.4906921833753586,True,0.65493243932724,0.2595982551574707,0.3953341841697693,True,Base ✓ → Prompted ✓
60,0.7450385689735413,0.5127941966056824,0.2322443723678589,True,0.6799098253250122,0.4439086318016052,0.23600119352340698,True,Base ✓ → Prompted ✓
61,0.6993635892868042,0.2967787981033325,0.4025847911834717,True,0.6777629256248474,0.39437541365623474,0.28338751196861267,True,Base ✓ → Prompted ✓
62,0.460260808467865,0.32477229833602905,0.13548851013183594,True,0.37644314765930176,0.26861706376075745,0.10782608389854431,True,Base ✓ → Prompted ✓
63,0.6008560657501221,0.3179594576358795,0.28289660811424255,True,0.6094040274620056,0.4959199130535126,0.11348411440849304,True,Base ✓ → Prompted ✓
64,0.4698064923286438,0.27202484011650085,0.19778165221214294,True,0.6714940071105957,0.4495849013328552,0.22190910577774048,True,Base ✓ → Prompted ✓
65,0.5993929505348206,0.5647872090339661,0.03460574150085449,True,0.6320284008979797,0.6363688111305237,-0.004340410232543945,False,Base ✓ → Prompted ✗
66,0.6074644923210144,0.593267560005188,0.014196932315826416,True,0.6707085371017456,0.48517417907714844,0.18553435802459717,True,Base ✓ → Prompted ✓
67,0.5987349152565002,0.5213877558708191,0.07734715938568115,True,0.6884236335754395,0.3845149278640747,0.30390870571136475,True,Base ✓ → Prompted ✓
68,0.5328592658042908,0.3784547448158264,0.15440452098846436,True,0.5323089361190796,0.3490803837776184,0.18322855234146118,True,Base ✓ → Prompted ✓
69,0.6427761316299438,0.39153239130973816,0.2512437403202057,True,0.8227025270462036,0.5034757852554321,0.3192267417907715,True,Base ✓ → Prompted ✓
70,0.5450460910797119,0.38799214363098145,0.15705394744873047,True,0.5557722449302673,0.23793207108974457,0.31784017384052277,True,Base ✓ → Prompted ✓
71,0.42863646149635315,0.517157793045044,-0.0885213315486908,False,0.47195470333099365,0.5586671233177185,-0.08671241998672485,False,Base ✗ → Prompted ✗
72,0.550965428352356,0.5893129110336304,-0.038347482681274414,False,0.3408363461494446,0.5379757285118103,-0.19713938236236572,False,Base ✗ → Prompted ✗
73,0.5937621593475342,0.5306969881057739,0.06306517124176025,True,0.6751056909561157,0.5002332925796509,0.17487239837646484,True,Base ✓ → Prompted ✓
74,0.561880350112915,0.164156973361969,0.39772337675094604,True,0.752685010433197,0.2066088616847992,0.5460761487483978,True,Base ✓ → Prompted ✓
75,0.5777955651283264,0.2821618914604187,0.2956336736679077,True,0.7001393437385559,0.4020698368549347,0.2980695068836212,True,Base ✓ → Prompted ✓
76,0.5956177711486816,0.28945648670196533,0.3061612844467163,True,0.6423686742782593,0.2744695544242859,0.3678991198539734,True,Base ✓ → Prompted ✓
77,0.4425222873687744,0.26934316754341125,0.17317911982536316,True,0.5766329169273376,0.26152631640434265,0.315106600522995,True,Base ✓ → Prompted ✓
78,0.6431849002838135,0.31937193870544434,0.32381296157836914,True,0.7818098068237305,0.3336584270000458,0.4481513798236847,True,Base ✓ → Prompted ✓
79,0.764025092124939,0.4961756467819214,0.2678494453430176,True,0.6862554550170898,0.43627750873565674,0.2499779462814331,True,Base ✓ → Prompted ✓
80,0.6688340902328491,0.3036458492279053,0.36518824100494385,True,0.6337809562683105,0.29420602321624756,0.339574933052063,True,Base ✓ → Prompted ✓
81,0.7234394550323486,0.3556244969367981,0.36781495809555054,True,0.5775760412216187,0.3122451603412628,0.26533088088035583,True,Base ✓ → Prompted ✓
82,0.4726155698299408,0.22345007956027985,0.24916549026966095,True,0.5602371692657471,0.2779960632324219,0.2822411060333252,True,Base ✓ → Prompted ✓
83,0.682846188545227,0.543481171131134,0.13936501741409302,True,0.6957681179046631,0.4179679751396179,0.27780014276504517,True,Base ✓ → Prompted ✓
84,0.6081465482711792,0.26688575744628906,0.34126079082489014,True,0.6814302206039429,0.2851245403289795,0.3963056802749634,True,Base ✓ → Prompted ✓
85,0.34756919741630554,0.402851939201355,-0.05528274178504944,False,0.4055916666984558,0.5584079027175903,-0.15281623601913452,False,Base ✗ → Prompted ✗
86,0.6420514583587646,0.41266322135925293,0.22938823699951172,True,0.5968107581138611,0.3744509220123291,0.22235983610153198,True,Base ✓ → Prompted ✓
87,0.7677973508834839,0.5379801392555237,0.2298172116279602,True,0.7956256866455078,0.753259003162384,0.04236668348312378,True,Base ✓ → Prompted ✓
88,0.724387526512146,0.5713497400283813,0.15303778648376465,True,0.6593985557556152,0.5737576484680176,0.08564090728759766,True,Base ✓ → Prompted ✓
89,0.6877710819244385,0.4815283417701721,0.20624274015426636,True,0.7476421594619751,0.4016821086406708,0.3459600508213043,True,Base ✓ → Prompted ✓
90,0.6843044757843018,0.3155660033226013,0.36873847246170044,True,0.7297847270965576,0.3586503565311432,0.37113437056541443,True,Base ✓ → Prompted ✓
91,0.46525639295578003,0.41813814640045166,0.04711824655532837,True,0.5730932950973511,0.38340508937835693,0.18968820571899414,True,Base ✓ → Prompted ✓
92,0.5656669735908508,0.59625643491745,-0.03058946132659912,False,0.5949826240539551,0.6053178310394287,-0.010335206985473633,False,Base ✗ → Prompted ✗
93,0.6807309985160828,0.5557019710540771,0.12502902746200562,True,0.6126724481582642,0.3813765048980713,0.23129594326019287,True,Base ✓ → Prompted ✓
94,0.4044385552406311,0.20000657439231873,0.20443198084831238,True,0.5141609907150269,0.2185274213552475,0.29563356935977936,True,Base ✓ → Prompted ✓
95,0.7152695655822754,0.5876158475875854,0.12765371799468994,True,0.7107419967651367,0.5247663259506226,0.18597567081451416,True,Base ✓ → Prompted ✓
96,0.6677349805831909,0.5979428291320801,0.06979215145111084,True,0.6844790577888489,0.49690425395965576,0.18757480382919312,True,Base ✓ → Prompted ✓
97,0.44610604643821716,0.37288492918014526,0.0732211172580719,True,0.4702076315879822,0.34133976697921753,0.12886786460876465,True,Base ✓ → Prompted ✓
98,0.5952814817428589,0.3886542320251465,0.2066272497177124,True,0.632098913192749,0.5319017171859741,0.1001971960067749,True,Base ✓ → Prompted ✓
99,0.639837920665741,0.3275575041770935,0.31228041648864746,True,0.6104443073272705,0.36729252338409424,0.24315178394317627,True,Base ✓ → Prompted ✓
100,0.6731332540512085,0.3732844591140747,0.2998487949371338,True,0.6878283023834229,0.4213438928127289,0.26648440957069397,True,Base ✓ → Prompted ✓
101,0.6631771326065063,0.6462306380271912,0.016946494579315186,True,0.7384612560272217,0.6500834822654724,0.08837777376174927,True,Base ✓ → Prompted ✓
102,0.5329197645187378,0.3511795997619629,0.1817401647567749,True,0.5384787321090698,0.3782534599304199,0.1602252721786499,True,Base ✓ → Prompted ✓
103,0.6192041635513306,0.38625627756118774,0.23294788599014282,True,0.578952431678772,0.42486822605133057,0.1540842056274414,True,Base ✓ → Prompted ✓
104,0.6237919330596924,0.486402302980423,0.1373896300792694,True,0.44608068466186523,0.20313426852226257,0.24294641613960266,True,Base ✓ → Prompted ✓
105,0.639978289604187,0.5288664698600769,0.11111181974411011,True,0.6735008955001831,0.5357787609100342,0.13772213459014893,True,Base ✓ → Prompted ✓
106,0.6052168607711792,0.4188627004623413,0.1863541603088379,True,0.6286196112632751,0.41764402389526367,0.21097558736801147,True,Base ✓ → Prompted ✓
107,0.6161996126174927,0.7292170524597168,-0.11301743984222412,False,0.5797524452209473,0.4584491550922394,0.12130329012870789,True,Base ✗ → Prompted ✓
108,0.65682452917099,0.6135717630386353,0.043252766132354736,True,0.7319785356521606,0.48098820447921753,0.2509903311729431,True,Base ✓ → Prompted ✓
109,0.6309580206871033,0.4025200605392456,0.22843796014785767,True,0.6807284355163574,0.4403841495513916,0.24034428596496582,True,Base ✓ → Prompted ✓
110,0.7439640760421753,0.6454004049301147,0.09856367111206055,True,0.7322854995727539,0.6369917392730713,0.09529376029968262,True,Base ✓ → Prompted ✓
111,0.5986533164978027,0.46415719389915466,0.13449612259864807,True,0.6212358474731445,0.45505374670028687,0.16618210077285767,True,Base ✓ → Prompted ✓
112,0.8408617973327637,0.6077712774276733,0.23309051990509033,True,0.7778064012527466,0.5300548672676086,0.24775153398513794,True,Base ✓ → Prompted ✓
113,0.6317652463912964,0.39666396379470825,0.23510128259658813,True,0.615156352519989,0.5931651592254639,0.021991193294525146,True,Base ✓ → Prompted ✓
114,0.6533142924308777,0.6924419403076172,-0.0391276478767395,False,0.7599630355834961,0.5225459337234497,0.2374171018600464,True,Base ✗ → Prompted ✓
115,0.6822221279144287,0.6117512583732605,0.07047086954116821,True,0.6682037711143494,0.6001499891281128,0.06805378198623657,True,Base ✓ → Prompted ✓
116,0.7824462652206421,0.3213186264038086,0.4611276388168335,True,0.7630231380462646,0.21517275273799896,0.5478503853082657,True,Base ✓ → Prompted ✓
117,0.5427616238594055,0.24575760960578918,0.29700401425361633,True,0.6951961517333984,0.4837750494480133,0.21142110228538513,True,Base ✓ → Prompted ✓
118,0.6443436145782471,0.41643786430358887,0.2279057502746582,True,0.6288515329360962,0.24328571557998657,0.3855658173561096,True,Base ✓ → Prompted ✓
119,0.720838189125061,0.6118822693824768,0.10895591974258423,True,0.643705427646637,0.39260193705558777,0.2511034905910492,True,Base ✓ → Prompted ✓
120,0.5936040878295898,0.5205991268157959,0.07300496101379395,True,0.5281790494918823,0.32197779417037964,0.20620125532150269,True,Base ✓ → Prompted ✓
121,0.4694678783416748,0.4870438873767853,-0.017576009035110474,False,0.48965126276016235,0.46555328369140625,0.024097979068756104,True,Base ✗ → Prompted ✓
122,0.716893196105957,0.40527698397636414,0.3116162121295929,True,0.6559311151504517,0.22293788194656372,0.43299323320388794,True,Base ✓ → Prompted ✓
123,0.5319177508354187,0.13053078949451447,0.40138696134090424,True,0.6020610332489014,0.35916611552238464,0.24289491772651672,True,Base ✓ → Prompted ✓
124,0.6978080868721008,0.41079360246658325,0.2870144844055176,True,0.7220528721809387,0.4194149076938629,0.3026379644870758,True,Base ✓ → Prompted ✓
125,0.46025556325912476,0.30042991042137146,0.1598256528377533,True,0.5415376424789429,0.23332202434539795,0.3082156181335449,True,Base ✓ → Prompted ✓
126,0.6768742203712463,0.4571916460990906,0.21968257427215576,True,0.7221150398254395,0.41659319400787354,0.3055218458175659,True,Base ✓ → Prompted ✓
127,0.7351540327072144,0.6766231656074524,0.05853086709976196,True,0.7170108556747437,0.6403074860572815,0.07670336961746216,True,Base ✓ → Prompted ✓
128,0.7329068183898926,0.37576669454574585,0.35714012384414673,True,0.7223801612854004,0.31039464473724365,0.41198551654815674,True,Base ✓ → Prompted ✓
129,0.7030965089797974,0.5226637125015259,0.18043279647827148,True,0.713403582572937,0.6563067436218262,0.05709683895111084,True,Base ✓ → Prompted ✓
130,0.7581560015678406,0.5840132236480713,0.1741427779197693,True,0.7748687267303467,0.5007811784744263,0.2740875482559204,True,Base ✓ → Prompted ✓
131,0.7186419367790222,0.44183528423309326,0.27680665254592896,True,0.8239465355873108,0.47227251529693604,0.35167402029037476,True,Base ✓ → Prompted ✓
132,0.7107131481170654,0.4539870619773865,0.25672608613967896,True,0.37737149000167847,0.17688927054405212,0.20048221945762634,True,Base ✓ → Prompted ✓
133,0.7079616785049438,0.4188980460166931,0.28906363248825073,True,0.827610433101654,0.45502620935440063,0.3725842237472534,True,Base ✓ → Prompted ✓
134,0.6814257502555847,0.4615325331687927,0.219893217086792,True,0.6713589429855347,0.453620582818985,0.21773836016654968,True,Base ✓ → Prompted ✓
135,0.7341548204421997,0.38739657402038574,0.34675824642181396,True,0.6298511028289795,0.37027016282081604,0.25958094000816345,True,Base ✓ → Prompted ✓
136,0.5341184139251709,0.4557144045829773,0.0784040093421936,True,0.605946958065033,0.5842286348342896,0.021718323230743408,True,Base ✓ → Prompted ✓
137,0.6464499235153198,0.28767645359039307,0.35877346992492676,True,0.5689245462417603,0.19980496168136597,0.3691195845603943,True,Base ✓ → Prompted ✓
138,0.6233464479446411,0.4949251413345337,0.12842130661010742,True,0.7795473337173462,0.14739468693733215,0.632152646780014,True,Base ✓ → Prompted ✓
139,0.7019498348236084,0.6398688554763794,0.062080979347229004,True,0.5682203769683838,0.6128616333007812,-0.04464125633239746,False,Base ✓ → Prompted ✗
140,0.6548938751220703,0.4165669083595276,0.23832696676254272,True,0.5586824417114258,0.2559104561805725,0.30277198553085327,True,Base ✓ → Prompted ✓
141,0.6133285760879517,0.35845649242401123,0.25487208366394043,True,0.597342848777771,0.233743816614151,0.36359903216362,True,Base ✓ → Prompted ✓
142,0.6767168045043945,0.5617439150810242,0.11497288942337036,True,0.6358157396316528,0.46375253796577454,0.1720632016658783,True,Base ✓ → Prompted ✓
143,0.6769581437110901,0.6846200823783875,-0.007661938667297363,False,0.6361072063446045,0.5930399298667908,0.04306727647781372,True,Base ✗ → Prompted ✓
144,0.7069447040557861,0.37807387113571167,0.32887083292007446,True,0.7784059047698975,0.3112614154815674,0.4671444892883301,True,Base ✓ → Prompted ✓
145,0.6389127969741821,0.6625391244888306,-0.023626327514648438,False,0.6159918308258057,0.6452524065971375,-0.029260575771331787,False,Base ✗ → Prompted ✗
146,0.5180378556251526,0.6418749094009399,-0.12383705377578735,False,0.5741322040557861,0.7730783224105835,-0.19894611835479736,False,Base ✗ → Prompted ✗
147,0.7170639038085938,0.5754367709159851,0.14162713289260864,True,0.6309046149253845,0.5620462894439697,0.0688583254814148,True,Base ✓ → Prompted ✓
148,0.5518094301223755,0.462445467710495,0.0893639624118805,True,0.43890321254730225,0.3115402162075043,0.12736299633979797,True,Base ✓ → Prompted ✓
149,0.6092298030853271,0.3378971815109253,0.27133262157440186,True,0.5558995008468628,0.39299267530441284,0.16290682554244995,True,Base ✓ → Prompted ✓
150,0.5998285412788391,0.3191263675689697,0.2807021737098694,True,0.6450304388999939,0.33392971754074097,0.31110072135925293,True,Base ✓ → Prompted ✓
151,0.571465790271759,0.31560367345809937,0.25586211681365967,True,0.7339679002761841,0.4045444130897522,0.3294234871864319,True,Base ✓ → Prompted ✓
152,0.6149076819419861,0.42989492416381836,0.18501275777816772,True,0.7866017818450928,0.5155561566352844,0.27104562520980835,True,Base ✓ → Prompted ✓
153,0.39222288131713867,0.22270601987838745,0.16951686143875122,True,0.4970359206199646,0.24512404203414917,0.25191187858581543,True,Base ✓ → Prompted ✓
154,0.5008276700973511,0.08497212827205658,0.4158555418252945,True,0.6716885566711426,0.426213800907135,0.24547475576400757,True,Base ✓ → Prompted ✓
155,0.6884490251541138,0.6404972076416016,0.04795181751251221,True,0.6814343929290771,0.7553586959838867,-0.07392430305480957,False,Base ✓ → Prompted ✗
156,0.4710351824760437,0.5171465873718262,-0.04611140489578247,False,0.7093225121498108,0.3094886839389801,0.3998338282108307,True,Base ✗ → Prompted ✓
157,0.5474365949630737,0.5564252734184265,-0.008988678455352783,False,0.47840315103530884,0.4426534175872803,0.035749733448028564,True,Base ✗ → Prompted ✓
158,0.5919458866119385,0.32442620396614075,0.26751968264579773,True,0.7287556529045105,0.3511980473995209,0.3775576055049896,True,Base ✓ → Prompted ✓
159,0.5638247728347778,0.2303696572780609,0.3334551155567169,True,0.5267429351806641,0.1821822077035904,0.34456072747707367,True,Base ✓ → Prompted ✓
160,0.644051194190979,0.5963997840881348,0.04765141010284424,True,0.5314993858337402,0.4846581816673279,0.046841204166412354,True,Base ✓ → Prompted ✓
161,0.5295431613922119,0.5837627649307251,-0.054219603538513184,False,0.6050492525100708,0.6880605220794678,-0.08301126956939697,False,Base ✗ → Prompted ✗
162,0.5742058157920837,0.3759809732437134,0.19822484254837036,True,0.530357301235199,0.46459096670150757,0.0657663345336914,True,Base ✓ → Prompted ✓
163,0.4251304566860199,0.2809659242630005,0.1441645324230194,True,0.4666796624660492,0.21899542212486267,0.24768424034118652,True,Base ✓ → Prompted ✓
164,0.687407374382019,0.4231920838356018,0.26421529054641724,True,0.7198306322097778,0.6312963962554932,0.08853423595428467,True,Base ✓ → Prompted ✓
165,0.4808616638183594,0.3358614444732666,0.14500021934509277,True,0.6281973123550415,0.3483518064022064,0.2798455059528351,True,Base ✓ → Prompted ✓
166,0.6729761362075806,0.6617292165756226,0.011246919631958008,True,0.5513442158699036,0.4998593330383301,0.051484882831573486,True,Base ✓ → Prompted ✓
167,0.61647629737854,0.3100275993347168,0.30644869804382324,True,0.716557502746582,0.23855312168598175,0.4780043810606003,True,Base ✓ → Prompted ✓
168,0.5645659565925598,0.5910415649414062,-0.026475608348846436,False,0.6098142862319946,0.6263254284858704,-0.016511142253875732,False,Base ✗ → Prompted ✗
169,0.6692333817481995,0.17449119687080383,0.49474218487739563,True,0.6851872205734253,0.13338600099086761,0.5518012195825577,True,Base ✓ → Prompted ✓
170,0.7974610328674316,0.43339410424232483,0.3640669286251068,True,0.7533495426177979,0.5322251319885254,0.22112441062927246,True,Base ✓ → Prompted ✓
171,0.572563886642456,0.631942629814148,-0.059378743171691895,False,0.42927831411361694,0.49329686164855957,-0.06401854753494263,False,Base ✗ → Prompted ✗
172,0.7733170986175537,0.6173909306526184,0.1559261679649353,True,0.8187829256057739,0.6106851100921631,0.20809781551361084,True,Base ✓ → Prompted ✓
173,0.6969752311706543,0.31837910413742065,0.37859612703323364,True,0.5841914415359497,0.31032684445381165,0.27386459708213806,True,Base ✓ → Prompted ✓
174,0.7373337745666504,0.6837456226348877,0.053588151931762695,True,0.8491226434707642,0.6837286949157715,0.16539394855499268,True,Base ✓ → Prompted ✓
175,0.6358897686004639,0.5715619921684265,0.06432777643203735,True,0.5506340265274048,0.4831011891365051,0.06753283739089966,True,Base ✓ → Prompted ✓
176,0.5142951011657715,0.7335923910140991,-0.21929728984832764,False,0.4968813359737396,0.6898057460784912,-0.1929244101047516,False,Base ✗ → Prompted ✗
177,0.6974008083343506,0.4558250308036804,0.24157577753067017,True,0.7881332635879517,0.4881237745285034,0.30000948905944824,True,Base ✓ → Prompted ✓
178,0.5735747218132019,0.3985505700111389,0.175024151802063,True,0.6459884643554688,0.4038863778114319,0.24210208654403687,True,Base ✓ → Prompted ✓
179,0.5936400294303894,0.5339157581329346,0.059724271297454834,True,0.6148476600646973,0.7321038246154785,-0.11725616455078125,False,Base ✓ → Prompted ✗
180,0.7375034689903259,0.48364242911338806,0.25386103987693787,True,0.7713286876678467,0.6087779998779297,0.162550687789917,True,Base ✓ → Prompted ✓
181,0.7577548027038574,0.48474442958831787,0.27301037311553955,True,0.7067639231681824,0.3295876383781433,0.37717628479003906,True,Base ✓ → Prompted ✓
182,0.6598259210586548,0.4137880802154541,0.24603784084320068,True,0.7425025701522827,0.510022759437561,0.23247981071472168,True,Base ✓ → Prompted ✓
183,0.6085008382797241,0.22208267450332642,0.3864181637763977,True,0.5517650246620178,0.09295067936182022,0.4588143453001976,True,Base ✓ → Prompted ✓
184,0.7475935220718384,0.29961997270584106,0.4479735493659973,True,0.7818852066993713,0.15281297266483307,0.6290722340345383,True,Base ✓ → Prompted ✓
185,0.7090340256690979,0.5066324472427368,0.20240157842636108,True,0.6800470352172852,0.43124517798423767,0.24880185723304749,True,Base ✓ → Prompted ✓
186,0.6837205290794373,0.6275718808174133,0.056148648262023926,True,0.6995237469673157,0.42583054304122925,0.2736932039260864,True,Base ✓ → Prompted ✓
187,0.7047311067581177,0.4650570750236511,0.23967403173446655,True,0.7395142912864685,0.3887763023376465,0.350737988948822,True,Base ✓ → Prompted ✓
188,0.49954530596733093,0.1673511117696762,0.3321941941976547,True,0.6550841927528381,0.05327196046710014,0.601812232285738,True,Base ✓ → Prompted ✓
189,0.6074159145355225,0.5128378868103027,0.09457802772521973,True,0.7953541278839111,0.484887957572937,0.3104661703109741,True,Base ✓ → Prompted ✓
190,0.5261528491973877,0.376958429813385,0.14919441938400269,True,0.580953061580658,0.3500674366950989,0.23088562488555908,True,Base ✓ → Prompted ✓
191,0.5632829666137695,0.4964173436164856,0.06686562299728394,True,0.4655897617340088,0.3596988916397095,0.10589087009429932,True,Base ✓ → Prompted ✓
192,0.7274263501167297,0.5344743728637695,0.1929519772529602,True,0.572224497795105,0.5226914882659912,0.04953300952911377,True,Base ✓ → Prompted ✓
193,0.6335528492927551,0.2285715937614441,0.40498125553131104,True,0.5274688005447388,0.34399503469467163,0.18347376585006714,True,Base ✓ → Prompted ✓
194,0.639790415763855,0.23486968874931335,0.4049207270145416,True,0.7125759124755859,0.4242130219936371,0.28836289048194885,True,Base ✓ → Prompted ✓
195,0.7909703850746155,0.47981590032577515,0.31115448474884033,True,0.7122644782066345,0.33989042043685913,0.3723740577697754,True,Base ✓ → Prompted ✓
196,0.6905722618103027,0.4251522421836853,0.26542001962661743,True,0.5178951025009155,0.32956162095069885,0.18833348155021667,True,Base ✓ → Prompted ✓
197,0.6727592945098877,0.5314011573791504,0.1413581371307373,True,0.7125184535980225,0.5887603163719177,0.12375813722610474,True,Base ✓ → Prompted ✓
198,0.5306349992752075,0.4791090786457062,0.05152592062950134,True,0.6336486339569092,0.33187776803970337,0.3017708659172058,True,Base ✓ → Prompted ✓
199,0.4181404411792755,0.30628231167793274,0.11185812950134277,True,0.46415287256240845,0.13189387321472168,0.33225899934768677,True,Base ✓ → Prompted ✓
200,0.6284914016723633,0.5047166347503662,0.12377476692199707,True,0.6729894876480103,0.41735726594924927,0.255632221698761,True,Base ✓ → Prompted ✓
201,0.6689412593841553,0.30586451292037964,0.36307674646377563,True,0.7487336993217468,0.4898911118507385,0.2588425874710083,True,Base ✓ → Prompted ✓
202,0.5138578414916992,0.35562342405319214,0.15823441743850708,True,0.38720428943634033,0.14718878269195557,0.24001550674438477,True,Base ✓ → Prompted ✓
203,0.6633039116859436,0.5477964878082275,0.11550742387771606,True,0.7160598039627075,0.6634730100631714,0.05258679389953613,True,Base ✓ → Prompted ✓
204,0.8298972845077515,0.3954334557056427,0.43446382880210876,True,0.7126707434654236,0.39074739813804626,0.3219233453273773,True,Base ✓ → Prompted ✓
205,0.5842654705047607,0.5187749266624451,0.06549054384231567,True,0.6815692186355591,0.5492063760757446,0.13236284255981445,True,Base ✓ → Prompted ✓
206,0.6028846502304077,0.6353764533996582,-0.03249180316925049,False,0.7147360444068909,0.45498740673065186,0.259748637676239,True,Base ✗ → Prompted ✓
207,0.6194850206375122,0.43586280941963196,0.18362221121788025,True,0.5942865610122681,0.46996834874153137,0.1243182122707367,True,Base ✓ → Prompted ✓
208,0.5487998723983765,0.5395983457565308,0.009201526641845703,True,0.5523083209991455,0.5325872898101807,0.019721031188964844,True,Base ✓ → Prompted ✓
209,0.8384420871734619,0.6262893080711365,0.21215277910232544,True,0.7721843719482422,0.5454459190368652,0.22673845291137695,True,Base ✓ → Prompted ✓
210,0.5775072574615479,0.5941245555877686,-0.016617298126220703,False,0.745823085308075,0.6945112943649292,0.05131179094314575,True,Base ✗ → Prompted ✓
211,0.5541022419929504,0.3062306344509125,0.24787160754203796,True,0.638236939907074,0.33862513303756714,0.29961180686950684,True,Base ✓ → Prompted ✓
212,0.5891347527503967,0.44437605142593384,0.1447587013244629,True,0.5483006238937378,0.4200534224510193,0.1282472014427185,True,Base ✓ → Prompted ✓
213,0.5611118078231812,0.3906187415122986,0.17049306631088257,True,0.7058509588241577,0.19084244966506958,0.5150085091590881,True,Base ✓ → Prompted ✓
214,0.783584713935852,0.6169027090072632,0.16668200492858887,True,0.4989302158355713,0.42827117443084717,0.07065904140472412,True,Base ✓ → Prompted ✓
215,0.6749590635299683,0.644355297088623,0.030603766441345215,True,0.5999369621276855,0.5335199236869812,0.06641703844070435,True,Base ✓ → Prompted ✓
216,0.7360635995864868,0.3257743716239929,0.4102892279624939,True,0.7137063145637512,0.19793030619621277,0.5157760083675385,True,Base ✓ → Prompted ✓
217,0.6652517914772034,0.5578054189682007,0.10744637250900269,True,0.517121434211731,0.5307161211967468,-0.01359468698501587,False,Base ✓ → Prompted ✗
218,0.5499329566955566,0.668204665184021,-0.11827170848846436,False,0.6713414192199707,0.6490679383277893,0.022273480892181396,True,Base ✗ → Prompted ✓
219,0.5811271071434021,0.34625595808029175,0.23487114906311035,True,0.6414896845817566,0.510160505771637,0.13132917881011963,True,Base ✓ → Prompted ✓
220,0.6249807476997375,0.5769776105880737,0.04800313711166382,True,0.6384102702140808,0.6599289774894714,-0.021518707275390625,False,Base ✓ → Prompted ✗
221,0.7121853232383728,0.4040364623069763,0.3081488609313965,True,0.5425492525100708,0.6915997266769409,-0.14905047416687012,False,Base ✓ → Prompted ✗
222,0.6958433389663696,0.3968619704246521,0.29898136854171753,True,0.5813941955566406,0.37404561042785645,0.20734858512878418,True,Base ✓ → Prompted ✓
223,0.7297610640525818,0.45699936151504517,0.2727617025375366,True,0.7476726174354553,0.4068388342857361,0.34083378314971924,True,Base ✓ → Prompted ✓
224,0.7354062795639038,0.6650477647781372,0.0703585147857666,True,0.7633761167526245,0.5912540555000305,0.172122061252594,True,Base ✓ → Prompted ✓
225,0.7479380965232849,0.5487467646598816,0.19919133186340332,True,0.807465672492981,0.5894761681556702,0.2179895043373108,True,Base ✓ → Prompted ✓
226,0.568421483039856,0.43836289644241333,0.13005858659744263,True,0.6038480997085571,0.5886481404304504,0.01519995927810669,True,Base ✓ → Prompted ✓
227,0.6445136070251465,0.3875182569026947,0.2569953501224518,True,0.6167548894882202,0.37720757722854614,0.23954731225967407,True,Base ✓ → Prompted ✓
228,0.8109259605407715,0.7888977527618408,0.022028207778930664,True,0.6963280439376831,0.6852355003356934,0.011092543601989746,True,Base ✓ → Prompted ✓
229,0.6450988054275513,0.5107767581939697,0.13432204723358154,True,0.7329092025756836,0.5251632928848267,0.20774590969085693,True,Base ✓ → Prompted ✓
230,0.7482359409332275,0.4791792035102844,0.2690567374229431,True,0.7483265995979309,0.47382012009620667,0.27450647950172424,True,Base ✓ → Prompted ✓
231,0.6159212589263916,0.45031705498695374,0.16560420393943787,True,0.6808720827102661,0.44141310453414917,0.23945897817611694,True,Base ✓ → Prompted ✓
232,0.48185259103775024,0.5914736986160278,-0.10962110757827759,False,0.5178678631782532,0.6254818439483643,-0.10761398077011108,False,Base ✗ → Prompted ✗
233,0.8382296562194824,0.6447688341140747,0.19346082210540771,True,0.8308627009391785,0.6117086410522461,0.21915405988693237,True,Base ✓ → Prompted ✓
234,0.6938366293907166,0.5458354353904724,0.14800119400024414,True,0.718285322189331,0.4431222677230835,0.27516305446624756,True,Base ✓ → Prompted ✓
235,0.7250012159347534,0.3626808822154999,0.36232033371925354,True,0.6907769441604614,0.3712614178657532,0.31951552629470825,True,Base ✓ → Prompted ✓
236,0.7366403341293335,0.6302789449691772,0.10636138916015625,True,0.7445783615112305,0.5428531169891357,0.20172524452209473,True,Base ✓ → Prompted ✓
237,0.634087860584259,0.3640292286872864,0.27005863189697266,True,0.5191463232040405,0.41869014501571655,0.10045617818832397,True,Base ✓ → Prompted ✓
238,0.28917115926742554,0.6398103833198547,-0.3506392240524292,False,0.3303038477897644,0.6412832736968994,-0.310979425907135,False,Base ✗ → Prompted ✗
239,0.7671241760253906,0.6442385911941528,0.12288558483123779,True,0.7856693267822266,0.5617830753326416,0.22388625144958496,True,Base ✓ → Prompted ✓
240,0.5865764021873474,0.46243029832839966,0.12414610385894775,True,0.3910433053970337,0.36443305015563965,0.026610255241394043,True,Base ✓ → Prompted ✓
241,0.7015033960342407,0.37674909830093384,0.3247542977333069,True,0.7390236258506775,0.3258763253688812,0.41314730048179626,True,Base ✓ → Prompted ✓
242,0.6315847039222717,0.2864164710044861,0.34516823291778564,True,0.6275712251663208,0.266558438539505,0.3610127866268158,True,Base ✓ → Prompted ✓
243,0.6898305416107178,0.5959504246711731,0.09388011693954468,True,0.6729188561439514,0.5803017616271973,0.09261709451675415,True,Base ✓ → Prompted ✓
244,0.6270166635513306,0.47919198870658875,0.14782467484474182,True,0.662571907043457,0.41010022163391113,0.2524716854095459,True,Base ✓ → Prompted ✓
245,0.3890470862388611,0.3236032724380493,0.06544381380081177,True,0.43237942457199097,0.27497321367263794,0.15740621089935303,True,Base ✓ → Prompted ✓
246,0.6987319588661194,0.19342105090618134,0.505310907959938,True,0.648446261882782,0.33701443672180176,0.3114318251609802,True,Base ✓ → Prompted ✓
247,0.6907073259353638,0.7290451526641846,-0.0383378267288208,False,0.5868579149246216,0.5411591529846191,0.04569876194000244,True,Base ✗ → Prompted ✓
248,0.8235087394714355,0.3198580741882324,0.5036506652832031,True,0.8092727661132812,0.2989543676376343,0.510318398475647,True,Base ✓ → Prompted ✓
249,0.6758899688720703,0.5861803293228149,0.08970963954925537,True,0.6112067103385925,0.28676551580429077,0.32444119453430176,True,Base ✓ → Prompted ✓
250,0.5689353346824646,0.6737885475158691,-0.10485321283340454,False,0.7893269062042236,0.5532470941543579,0.23607981204986572,True,Base ✗ → Prompted ✓
251,0.6427310705184937,0.3383117616176605,0.30441930890083313,True,0.7436403036117554,0.43612703680992126,0.3075132668018341,True,Base ✓ → Prompted ✓
252,0.5809264779090881,0.4044172763824463,0.17650920152664185,True,0.6183514595031738,0.42517992854118347,0.19317153096199036,True,Base ✓ → Prompted ✓
253,0.8071635961532593,0.2634674310684204,0.5436961650848389,True,0.762903094291687,0.23934420943260193,0.5235588848590851,True,Base ✓ → Prompted ✓
254,0.5933223366737366,0.6507107019424438,-0.057388365268707275,False,0.5936151742935181,0.6876962184906006,-0.09408104419708252,False,Base ✗ → Prompted ✗
255,0.7920007705688477,0.3242653012275696,0.4677354693412781,True,0.6876700520515442,0.11990616470575333,0.5677638873457909,True,Base ✓ → Prompted ✓
256,0.6770670413970947,0.6675203442573547,0.00954669713973999,True,0.7299621105194092,0.6790380477905273,0.050924062728881836,True,Base ✓ → Prompted ✓
257,0.34563323855400085,0.5372340679168701,-0.19160082936286926,False,0.34149104356765747,0.5433057546615601,-0.2018147110939026,False,Base ✗ → Prompted ✗
258,0.5099073648452759,0.2837875485420227,0.22611981630325317,True,0.7371774911880493,0.3780898451805115,0.35908764600753784,True,Base ✓ → Prompted ✓
259,0.8385530710220337,0.5497832298278809,0.28876984119415283,True,0.7447077035903931,0.424380898475647,0.3203268051147461,True,Base ✓ → Prompted ✓
260,0.31948715448379517,0.6089774370193481,-0.289490282535553,False,0.43870025873184204,0.5414992570877075,-0.10279899835586548,False,Base ✗ → Prompted ✗
